Min_Age,Max_Age,Avg_Age,Min_Bill,Max_Bill,Avg_Bill
13,89,51,-2008.4921875,52764.27734375,25539.316095801
