Gender,Avg_Billing
Male,25607.8605713906
Female,25470.6529541641
